pepper, 126852
salt, 126152
sugar, 93034
onion, 85489
oil, 80806
cheese, 76388
garlic, 71913
butter, 71359
egg, 64905
flour, 60384
cream, 51553
olive, 47502
water, 46470
sauce, 45942
juice, 45042
chicken, 45024
milk, 42691
tomato, 42655
clove, 42004
baking, 34681
lemon, 31272
vanilla, 31081
vinegar, 22172
cinnamon, 21845
parsley, 20684
vegetable, 20255
leaf, 20225
beef, 19505
potato, 18707
wine, 17513
chocolate, 17227
mushroom, 16720
mustard, 16394
bean, 16179
extract, 15531
parmesan, 15465
rice, 15328
broth, 15265
soda, 15256
celery, 15236
carrot, 15185
cheddar, 14716
chili, 14645
breast, 14496
sour, 14229
ginger, 13533
basil, 13314
bell, 12793
corn, 12266
seasoning, 12136
cumin, 12076
soy, 11825
oregano, 11341
apple, 11051
honey, 10913
bread, 10853
thyme, 10551
lime, 10504
mayonnaise, 10448
chip, 10066
cilantro, 9593
paprika, 9525
bacon, 9522
nutmeg, 9338
cayenne, 8820
almond, 8757
italian, 8735
peanut, 8633
pork, 8540
coconut, 8042
worcestershire, 7963
cornstarch, 7495
syrup, 7486
wheat, 7046
breadcrumb, 7035
paste, 6983
sesame, 6951
pecan, 6895
spinach, 6792
bay, 6768
pineapple, 6744
pasta, 6682
walnut, 6573
mozzarella, 6304
yogurt, 6130
banana, 5955
raisin, 5927
cocoa, 5828
ice, 5787
dijon, 5786
margarine, 5749
jalapeno, 5562
coriander, 5442
sausage, 5407
nut, 5314
tortilla, 5289
pea, 5282
strawberry, 5253
oat, 5253
lettuce, 5118
cherry, 5093
yeast, 5055
pie, 4976
rosemary, 4959
shrimp, 4952
steak, 4868
dill, 4831
buttermilk, 4787
cider, 4754
zucchini, 4726
chilies, 4708
lean, 4570
noodle, 4431
canola, 4354
broccoli, 4295
shallot, 4293
cranberry, 4246
curry, 4187
ketchup, 4184
cracker, 4150
balsamic, 4149
cake, 4073
ham, 4073
yolk, 4036
turkey, 4024
scallion, 4015
sea, 3988
mint, 3882
cucumber, 3805
lemon,, 3792
fillet, 3784
pumpkin, 3720
cabbage, 3710
rib, 3687
shortening, 3647
salsa, 3613
chive, 3499
coffee, 3313
bouillon, 3308
half-and-half, 3280
monterey, 3153
confectioners', 3141
allspice, 3125
turmeric, 3055
feta, 3049
raspberry, 2989
avocado, 2987
salad, 2937
maple, 2923
pudding, 2905
rind, 2883
spaghetti, 2849
chile, 2817
sage, 2804
sodium, 2778
fish, 2745
rum, 2682
french, 2648
sherry, 2595
blueberry, 2548
salmon, 2544
cornmeal, 2490
peach, 2489
whip, 2461
swiss, 2456
squash, 2455
chop, 2403
apricot, 2282
tabasco, 2271
molasses, 2230
crumb, 2189
ricotta, 2173
kidney, 2172
macaroni, 2130
shell, 2111
gingerroot, 2093
cardamom, 2085
plum, 2080
gelatin, 2075
marshmallow, 2051
applesauce, 2001
taco, 1983
asparagus, 1979
grape, 1902
beer, 1888
splenda, 1877
grain, 1862
peppercorn, 1861
liqueur, 1841
tuna, 1828
mango, 1809
hamburger, 1793
fruit, 1780
crust, 1776
cottage, 1776
vodka, 1773
leek, 1763
herb, 1752
piece, 1751
tarragon, 1733
spice, 1720
artichoke, 1718
caper, 1692
cauliflower, 1678
pine, 1664
peel, 1642
cereal, 1641
ranch, 1638
meat, 1618
horseradish, 1600
lamb, 1585
eggplant, 1578
pickle, 1560
pizza, 1517
tenderloin, 1517
lentil, 1512
tofu, 1489
chipotle, 1489
sprout, 1463
heart, 1416
fennel, 1383
chickpea, 1377
jam, 1364
floret, 1359
crabmeat, 1351
oatmeal, 1338
bun, 1323
pear, 1313
chuck, 1311
romaine, 1311
marjoram, 1289
kernel, 1272
cashew, 1262
penne, 1249
caster, 1245
weed, 1238
sirloin, 1226
sunflower, 1207
creme, 1205
small, 1196
biscuit, 1192
loin, 1186
lime,, 1173
candy, 1169
brandy, 1169
date, 1153
tartar, 1127
elbow, 1106
english, 1105
adobo, 1098
button, 1093
rom, 1091
tea, 1084
chestnut, 1077
spring, 1054
goat, 1029
russet, 1025
kalamata, 1014
maraschino, 995
velveeta, 978
flax, 965
caramel, 962
oyster, 940
soymilk, 929
pesto, 918
butternut, 899
poppy, 892
cooky, 887
lasagna, 869
caraway, 867
hoisin, 859
saffron, 859
greek, 858
stuffing, 854
hash, 848
lemons,, 845
portabella, 839
pepperoni, 830
couscous, 820
butterscotch, 796
relish, 796
cajun, 775
provolone, 771
barley, 770
clam, 766
scallop, 760
linguine, 758
pita, 757
jelly, 748
pistachio, 742
tequila, 741
fettuccine, 737
prosciutto, 732
gruyere, 723
berry, 722
currant, 722
sprig, 721
wing, 719
jell-o, 714
garbanzo, 712
beet, 705
radish, 698
marmalade, 698
sauerkraut, 696
cornflour, 684
orange,, 681
parmigiano-reggiano, 665
cannellini, 661
espresso, 660
lemonade, 659
panko, 651
catsup, 649
pimiento, 642
serrano, 642
hazelnut, 641
anchovy, 641
rye, 635
muffin, 623
shiitake, 623
baguette, 617
cookie, 604
rotel, 603
nectar, 593
tahini, 585
teriyaki, 581
anise, 580
sourdough, 574
enchilada, 571
pimento, 568
grapefruit, 568
kahlua, 567
orzo, 565
tapioca, 554
parsnip, 553
phyllo, 552
bourbon, 548
vidalia, 545
blackberry, 543
rhubarb, 543
arugula, 543
pretzel, 542
capsicum, 542
lemongrass, 538
crouton, 536
macadamia, 529
ale, 515
quinoa, 515
amaretto, 514
veal, 512
yukon, 511
chorizo, 506
kielbasa, 505
peppermint, 500
whiskey, 499
coleslaw, 494
spear, 493
marinara, 488
brussels, 483
asiago, 477
pomegranate, 460
kiwi, 454
tilapia, 452
poblano, 446
oreo, 442
mascarpone, 442
fig, 434
limes,, 433
schnapps, 428
tamari, 427
kale, 427
wrapper, 424
chutney, 423
fraiche, 421
vinaigrette, 418
tortellini, 418
arborio, 416
cornbread, 411
turnip, 410
grenadine, 408
brie, 406
ramen, 403
fudge, 402
wonton, 402
cod, 400
salami, 399
krispies, 394
bamboo, 389
alfredo, 389
watermelon, 388
soya, 388
choy, 388
marnier, 386
prawn, 383
bok, 380
popcorn, 379
curd, 376
melon, 375
mace, 374
champagne, 374
gorgonzola, 373
prune, 370
mirin, 364
ancho, 364
pancetta, 358
ghee, 355
black-eyed, 354
brisket, 352
pectin, 352
okra, 351
tomatillo, 351
gluten-free, 348
9-inch, 346
rotini, 345
pink, 345
crab, 342
pickling, 340
jumbo, 340
rose, 339
vermouth, 337
gum, 337
cantaloupe, 336
colby-monterey, 335
lard, 333
picante, 331
marsala, 331
cremini, 331
gouda, 329
creamer, 326
toffee, 326
pecorino, 326
cacao, 322
star, 319
agave, 319
port, 318
italian-style, 316
papaya, 316
fontina, 316
link, 311
drumstick, 309
dijon-style, 306
guacamole, 305
yoghurt, 303
chex, 299
navy, 294
non-dairy, 294
strip, 291
lima, 289
pillsbury, 288
meatball, 287
valley, 287
wasabi, 282
tamarind, 279
halibut, 278
wrap, 273
chard, 273
liver, 273
rigatoni, 271
cognac, 269
shoot, 268
vermicelli, 267
sake, 266
french-fried, 264
silken, 263
habanero, 263
five-spice, 263
mussel, 262
lipton, 258
fenugreek, 255
yam, 254
devil's, 254
watercress, 254
bone, 250
polenta, 250
beverage, 248
jasmine, 246
campbell's, 245
lobster, 243
acorn, 242
gin, 238
granola, 238
napa, 238
consomme, 237
ziti, 236
flower, 236
chili-garlic, 235
chow, 234
palm, 234
hershey, 231
crystal, 231
seafood, 229
sparerib, 228
philadelphia, 228
bailey, 226
sherbet, 216
miso, 216
lavender, 216
m&m's, 215
season, 214
curacao, 213
kraft, 212
hock, 211
venison, 211
andouille, 210
toothpick, 210
jicama, 210
lawry's, 208
scotch, 207
ravioli, 206
duck, 205
queso, 204
karo, 201
matzo, 200
bulgur, 196
malt, 196
cola, 195
marinade, 195
hoagie, 195
catfish, 194
reduced-calorie, 194
cointreau, 193
semolina, 192
mahi, 192
shank, 192
fry, 189
jello, 186
kaffir, 185
hominy, 182
eggnog, 181
pepperoncini, 179
gingersnap, 179
sambal, 177
snapper, 177
grit, 177
string, 176
hass, 175
wax, 174
buckwheat, 174
montreal, 174
limeade, 174
tater, 173
tot, 173
masa, 173
mrs., 172
nutella, 172
chocolate-covered, 171
rack, 171
dutch-processed, 170
oranges,, 170
oelek, 169
short-grain, 169
sprite, 169
grapeseed, 169
spiral, 168
extra-large, 167
honeydew, 167
all-bran, 167
plantain, 167
jiffy, 166
colby, 166
kiss, 166
frying, 166
idaho, 165
liquor, 165
filet, 164
edamame, 163
country, 163
tip, 163
unsifted, 162
all, 162
southern, 160
german, 160
v8, 159
craisins, 159
shaving, 159
bag, 158
stevia, 156
ciabatta, 155
farfalle, 155
burgundy, 154
purpose, 154
rutabaga, 153
tangerine, 153
blossom, 152
recipe, 152
bar, 151
hellmann's, 150
fresco, 150
dal, 150
cheerio, 150
bagel, 149
bratwurst, 148
fusilli, 148
heinz, 147
harissa, 147
anaheim, 146
harina, 146
lowfat, 146
muenster, 146
frangelico, 146
stove, 145
alfalfa, 145
boston, 145
double-crust, 145
cob, 144
diet, 144
sultana, 144
japanese, 144
louisiana, 143
ball, 143
tiny, 142
glace, 141
gherkin, 141
porcini, 140
hen, 140
pulp, 140
vital, 139
vanilla-flavored, 139
bitter, 139
hardboiled, 139
chick-peas, 138
tail, 138
processed, 137
hickory, 137
menthe, 137
crispy, 137
twist, 136
clear, 136
albacore, 135
grease, 135
buffalo, 135
bulb, 135
segment, 134
top, 134
frank's, 134
lemon-pepper, 133
verde, 133
hard-cooked, 133
sriracha, 133
bonnet, 133
nectarine, 132
turbinado, 132
colored, 132
collard, 131
safflower, 131
msg, 131
endive, 131
arrowroot, 131
7-up, 130
manicotti, 130
hummus, 130
chambord, 128
curl, 128
guinness, 128
havarti, 127
trout, 127
nacho, 126
skirt, 126
madeira, 126
passion, 126
cornish, 125
clarified, 125
flounder, 125
9, 125
spelt, 124
sole, 124
mung, 123
custard, 123
courgette, 123
pumpernickel, 123
amino, 123
skewer, 122
inch, 122
ladyfinger, 121
nori, 120
bark, 120
savoy, 120
kitchen, 119
section, 119
midori, 119
converted, 119
croissant, 118
bragg, 118
patty, 117
whiz, 116
breadstick, 116
preserved, 116
polish, 116
asafoetida, 115
oleo, 115
ear, 114
rise, 114
millet, 114
coating, 114
mince, 113
the, 113
mexicorn, 112
coca-cola, 112
rocket, 112
sifted, 112
haddock, 111
on, 111
catalina, 110
malted, 110
soba, 109
asian, 108
mincemeat, 108
no-boil, 107
jellied, 106
gnocchi, 106
radicchio, 106
rotisserie-cooked, 105
doritos, 105
comfort, 104
98%, 104
balance, 103
ginger-garlic, 103
old-fashioned, 103
stone, 102
fajita, 102
part, 102
steel, 102
grilled, 102
smart, 101
skin, 101
spiced, 100
juniper, 100
avocadoes, 100
unseasoned, 99
beetroot, 99
spam, 99
shortcrust, 99
bass, 99
single, 98
grey, 98
steamed, 98
sheet, 97
guava, 97
pot, 97
textured, 96
blood, 96
rock, 96
glaze, 96
demerara, 96
good, 95
bibb, 95
orange-flavored, 95
pod, 95
thickened, 95
brine, 94
sweet-and-sour, 94
cubed, 94
shaped, 94
sazon, 93
jerk, 93
roquefort, 93
water-packed, 92
manchego, 92
tempeh, 91
kool-aid, 91
stilton, 91
ruby, 91
chervil, 91
squid, 90
goya, 90
seltzer, 90
soybean, 90
assorted, 90
amarula, 90
poundcake, 90
pico, 89
gallo, 89
sumac, 89
fritos, 89
truffle, 89
carob, 89
crawfish, 89
fire-roasted, 88
square, 88
malibu, 88
garlic-flavored, 88
mignon, 87
beefsteak, 87
stale, 87
escarole, 86
sorbet, 86
bulgar, 86
bottom, 86
coke, 86
eagle, 85
genoa, 84
shortbread, 84
burrito-size, 84
bosc, 84
nestle, 83
szechuan, 83
8-inch, 83
focaccia, 83
pack, 83
center, 82
kirsch, 82
chicken-flavored, 81
head, 81
process, 81
fryer, 81
oriental, 81
swordfish, 81
emeril's, 81
traditional, 80
daikon, 80
double-acting, 80
solid-pack, 80
ro-tel, 80
no-sugar-added, 79
streaky, 79
whey, 79
limoncello, 79
belgian, 79
wood, 78
morsel, 78
madras, 78
daniel, 78
shoepeg, 78
aubergine, 78
merlot, 78
stir, 77
lebanese, 77
lager, 77
el, 77
honey-roasted, 77
sodium-free, 76
gala, 76
galangal, 76
veggie, 75
au, 75
mexico, 74
gram, 74
strand, 74
day-old, 74
niblets, 73
equal, 73
crumbles, 73
absolut, 73
garni, 73
fiber, 72
poupon, 72
bartlett, 72
french's, 72
chardonnay, 72
fava, 72
spreadable, 71
hawaiian, 71
quaker, 71
rigate, 71
quarter, 71
salt-free, 71
jarlsberg, 71
snicker, 71
york, 71
canning, 70
product, 70
10-inch, 70
udon, 70
dream, 70
winter, 69
mixture, 69
smokies, 69
angostura, 69
halloumi, 69
sorghum, 68
low-carb, 68
citron, 68
broad, 68
fingerling, 68
ra, 68
hanout, 68
one, 67
ditalini, 67
loaf, 67
bologna, 67
king, 67
reynolds, 67
rice-a-roni, 67
london, 66
cheez, 66
sauvignon, 66
bleu, 66
spearmint, 65
roughy, 65
little, 65
bacardi, 65
ouzo, 65
crepe, 65
dashi, 65
waffle, 65
ketjap, 65
manis, 65
whisky, 65
homemade, 65
broil, 64
burger, 64
frank, 63
achiote, 63
muscovado, 63
boursin, 63
light-brown, 63
stir-fry, 63
6-inch, 63
ring, 63
tri-color, 62
sushi, 62
grape-nuts, 62
blackstrap, 62
carnation, 62
seaweed, 62
mcintosh, 62
farm, 62
rabbit, 62
